1,Coquito,Tume,ntume3813,y0B0FzPU9Z5M47llY68lDHk6YL2N4V7oaptvl2N9PpPIUC16c14VPCmlXA73UQJk75Ko78WoZc8Kfno0a5,ADMIN,NOT_SPECIFIED
2,Rayito,McPhelimy,lmcphelimy3856,g73b2RtrZedjd11egWcj6KhVS39G1kso495z507X7g4A58F6u8tZ4iQBcKKS9ZA7Dp8JOJt51201g6Yz6JMwu67273,ADMIN,NOT_SPECIFIED
3,Cuchi-cuchi,Gebuhr,egebuhr48321,2qRntTE27P245fys7fd6Hs5HYj10izv0s379M3Dfc0bukT2TMaeq041t93qT3q43RSH5kU2qUfD4X5Ti5E47Wn8TI7G,MANAGER,NOT_SPECIFIED
4,Coquito,Hinks,ghinks12325,tnKQLQTo5uuwy2PBQ3R1dJV6oFx5O9pHaixk25J2Ju9H0W6zpu85qY0FI7hR9gqB5NF2oYVq,MANAGER,NOT_SPECIFIED
5,Chiquitín,Worsfold,hworsfold895,v94ELO407x7F9btrQMLU93P29s3A7R9gvf276Y0O3ggBoHUG1q1y96C0BPVTftdPAEAgAVuR99R,ADMIN,NOT_SPECIFIED
6,Ranchito,Kemwall,gkemwall11216,8iUgXMI2w82rhI32rr0Dp8RpN1D3em4x21u6PH7rYq8oMOA9P3yWtIguEW499P070w68nV5xZFQH8313F,ADMIN,NOT_SPECIFIED
7,Rayito,Hildred,mhildred62736,RyH1UGNw1Jw62L3F8bTVw1WsnmmqhBI49Ypal4P7h763P6RundfTzOruweX7JzVl26lT8i1mf18gv7i,DOCTOR,NOT_SPECIFIED
8,Lunarcito,Colicot,mcolicot19908,0ab6FicTsx65Q670br86g3XC1IT47yI3q94GH40nnnKwSWM86vSZF1Nz430mvv28QzCk77237Shd27yAT1135JpXA,DOCTOR,NOT_SPECIFIED
9,Cuchi-cuchi,Lafoy,hlafoy22723,IeiSlYCma0QX681954OqDf0AiPDdJNQ49Dn860IkLE17Bm9tutBjNYp3L7774Qn1826e1P9W22Wd6g2Mulb4t2e5,MANAGER,NOT_SPECIFIED
10,Pajarito,Akester,gakester31239,7nj5KWw8pc8uh44KBuK1E8jcSaJr59iK8x61ras4j40q21XO8FGDKLd3xOmUc8,PATIENT,NOT_SPECIFIED
11,Tronquito,MacMoyer,wmacmoyer29771,nGg17T4DC3afsukdvs0yy82IQJ8Q6ao89B33Fzb295SJrwPOVXq4J1fewaL8l98qQpok,DOCTOR,NOT_SPECIFIED
12,Pajarito,Doyley,vdoyley31462,C46ToQloJRCsVwsW4F4B7A2ZQa5zCX5TaZ5QR772X73A8xDDRqI4UCe8qLIrai4,ADMIN,NOT_SPECIFIED
13,Chiquitín,McClancy,dmcclancy51119,Pt1YPbo7qGxe4Veev8ZdB6Kg5R14S6Hfhim75u2O47a0Bcr57JYE3H9xoC40eE4obOIHoqV3OO,MANAGER,NOT_SPECIFIED
14,Pelusa,Almond,kalmond47547,Q0WTnvl7Y98az4z6eT3886Y6sX8QeByWwONwb5nExXAmhvN5e3266ZT3S34X0K1E9170aJTf4O9b5Sws42mK85aNbMHUYJ,DOCTOR,NOT_SPECIFIED
15,Manchita,Rantoul,rrantoul53831,5qAcWS9XMRJuOhBuBc0sQ2a26aMxGH7a7H76vASTH3H80v026tvAr8wtLoFKb7UGe05ZE7aV,DOCTOR,NOT_SPECIFIED
16,Pajarito,Treat,ltreat27885,0k0HQ0K3xQSCu0WtN5NT2w1aTUdM16jwv29zVlaajh5EH7gmuaYZZYq2wG,DOCTOR,NOT_SPECIFIED
17,Cielito,Lathaye,dlathaye64105,yg2ukp29xk172mtbWTz6sHm0CDBqf4QjsaoX4XzJCPA0YC5BKl97F1j0nK9a47lqHiX4HB7SIt,PATIENT,NOT_SPECIFIED
18,Pajarito,Hollow,ehollow65512,7juG9O9WWL131r0AJK7veWf0sKm7p5SNvkEh8ND1y415Xr7BJ90S3b038zN,DOCTOR,NOT_SPECIFIED
19,Rayito,Rosengren,lrosengren30743,ZkrY8520RRY6BJRx6lXdva3fy10vFdUkwzO1s653LTvL0nsXXLWg93zzv44f3za4611,MANAGER,NOT_SPECIFIED
20,Tronquito,Felce,kfelce52243,3bA88C99ktbTKXF6yYCDy9VtQ7KAN4Nd9jXA2Tlb0wy4dKP5sWTyUXmP,DOCTOR,NOT_SPECIFIED
21,Cielito,Trenoweth,btrenoweth42930,FLFN92kzSc9O5JGhg36413vrNZ9xuxIh79ShYzwnM2J5x9zziIf0pQ8zfOxH08O4G,DOCTOR,NOT_SPECIFIED
22,Pajarito,Bradtke,rbradtke11939,Q1csDxD45TnA1mlzGovvzqr6DilPA9Fq3o5vobcFG3K250Vt9ZfQHi4AKS78Usdz9boQ4Pg1yh9VoRZZ97Yc310,PATIENT,NOT_SPECIFIED
23,Colibrí,Shakelady,dshakelady40283,dYvuU3ksC4DNk3v3r11loGSad5ooIUjrTRVMN4Md81s9oIce0n56B1uU6JyJ0A8l,ADMIN,NOT_SPECIFIED
24,Pastelito,Videan,bvidean31500,CPHz8giIh7wA3jOAP4xgfz4tIQY3DHcfk3p9V61Kp9lln20klp980ABu8992tiiVGE,MANAGER,NOT_SPECIFIED
25,Pelusa,Hallen,ehallen24484,3e846vI6YtzwEntUoTsV03Sh3a1RC5EvU1jyq2Cn8Q5egSP3906m9s0UqP,DOCTOR,NOT_SPECIFIED
26,Esponjita,Portinari,cportinari24260,2T6133Fapi8D3jwP5GxD70eQYiPoZLk8Ff1g0Ds5x43hI8fs4N3MTk7af862eNi59F4M9F2vP,MANAGER,NOT_SPECIFIED
27,Lunarcito,Towler,ptowler35704,W647TuvH2L8ZxaOtF5EgGpSrKgdJf03ze8qA18E5uIHMoSR9OYlLPmlXaBFi,DOCTOR,NOT_SPECIFIED
28,Chiquitín,Garrals,ggarrals26645,2RkL6QU96ngwaCPv5snZ7Ss56tme74P9Tq5pG10WIZQ4YBLvfB0Od2L9Xe5TrDVQ228a,ADMIN,NOT_SPECIFIED
29,Coquito,Burras,mburras26924,26YRR7pn7669XW1pf3046V4w0fh6eJ1s4W4ar8678Dm1o5v9O5GY734457XFfo9w8FyNpv8EK799JaUciT209vas,PATIENT,NOT_SPECIFIED
30,Rayito,Meaden,dmeaden36283,UhaxCPqIMx3fC3L796g1t6T06973L0RaleT1710tGPIvTV6bvI9XAD0erGEz6m2WoeYE3qLQ2066N,DOCTOR,NOT_SPECIFIED
31,Cuchi-cuchi,Hanwell,rhanwell47978,KSR20186t3b217n51Y7ySyBuI3tW17i1Ds21I8f361ujZnYfW6aeWNRt2XB6Hux54gGW1SR78i6hV8gkRigL2p5k1v6UEWu5,MANAGER,NOT_SPECIFIED
32,Ranchito,Roust,hroust2625,aaJpW3ir9tc12V931p1S71lcm5yXTPABjNjv8c7B86OBPFlu73BZ1wTj3yloyOY6kjz0X575TK5Azf4uLyr6lqkkX,PATIENT,NOT_SPECIFIED
33,Pajarito,Myrtle,hmyrtle14754,qUW3g679yZzG9OOY9Td00zMJDVS87WF9R3WW144shSR0V2Lv18S0W1dRvuUex8bN0ltr3Edw13D685,PATIENT,NOT_SPECIFIED
34,Pastelito,Pengelley,kpengelley2810,9dyIDN473lvTr3056mka5T14574E7lvx5RZR8k35l0M05gm752VX6gn7V,MANAGER,NOT_SPECIFIED
35,Lunarcito,Alenikov,walenikov37663,ZAzspalh68mWYsACX4r97A9uA8HT1kEOvWkD7b727MFRDtoFb73h0jRE9MuIDvMgGQ3a6EfomSYXYob8N8aN8irD91txgT,ADMIN,NOT_SPECIFIED
36,Colibrí,Ainslee,painslee63348,3I30Tp3Wpo4xPqj74GhDg8L930Opid42I2ZT7Z1Q6J5M8Am36Nq4h99I1H422YCFA6WxBlJcV0M52fAhFoWe,MANAGER,NOT_SPECIFIED
37,Pelusa,Sellan,fsellan10600,2D1wYSRtLC2rJE7TbC84zP4ex1O2Wmpd0k8ycoJmEQfo1biTz0p934ZNeX3,PATIENT,NOT_SPECIFIED
38,Pepón,Olivet,golivet49741,5TCD9cLYveINX3LhG990R7241QXkwUNzEB89rc1fU42aHaBu263bLYXQ7Z7,PATIENT,NOT_SPECIFIED
39,Esponjita,McNysche,mmcnysche63518,9cA4j782nvXAFR5y3W4ty23gw713o72dc1xIi8PZ2OtiIKhpo4piWkQes6,PATIENT,NOT_SPECIFIED
40,Pelusa,Rundle,crundle51969,Ceuz56MV597Dv1emBg1I8p5pjCyHZq3f178iflKfjXwpXAqFK5FIS3IUivc4L796ElL3Ps7vu7Utu44Vl7jWzHx4Q6ud85X,PATIENT,NOT_SPECIFIED
41,Tronquito,Vasin,tvasin8369,D6KxoFat3i31GKUHK15eZg2aVud70kwA4zEtp2P0MmMhwMNkJj03U7Zqjsn,MANAGER,NOT_SPECIFIED
42,Nubesito,Worham,bworham9511,1V1lkUw1hh42eLHSyGyWSD54h7lihTF25539FgclN7yfr17r7aCXXi2dvz5JWNRKeW2O2T501vE2Q1Tl6YJKdyfL,MANAGER,NOT_SPECIFIED
43,Chiquitín,Coates,rcoates40064,Mb5P40iNn4BPak18HQYdf5JNUzgRkL0V9q4HLF0Y6He3Z7ZQ88LG1843UAnUsDjEINVmiQpWG016dN3pHt67821UJDZ6,PATIENT,NOT_SPECIFIED
44,Nubesito,Juste,djuste49977,3B5Sf3JWcVOs3a5M6olIRe1KK8ygtX40C81999vo3s9iacLAp20gFdM91myECjNwg059XG6QgXZ4JGMzCqGD7tdUjZr,ADMIN,NOT_SPECIFIED
45,Nubesito,Melmore,fmelmore42242,oKg2X0nP80oXbGdbY5Fb67UGoGkG9vAExIb4J00z94Am4DXpk33R8KCuP0h9YxLvyI1Dqvvk1fK0YE612ulyj3gn4O4Y5h,DOCTOR,NOT_SPECIFIED
46,Nubesito,Woolis,gwoolis19112,Hd1ejT0B0XQ35IhqiH23u289Ml667ve3Dc38rQDuhW2pk103ES50a1l1tJw7mGM,MANAGER,NOT_SPECIFIED
47,Esponjita,Canfield,mcanfield13337,64pSU027ok7ku8c6TV1d1FO2O1YXCCRpREoh1Uh5x7tC4CeE0Ov63cdw08,DOCTOR,NOT_SPECIFIED
48,Cuchi-cuchi,Droogan,edroogan16646,OGrk7hqHLJyY2tHlqawh9EM337pF0L8ourH79nfyi5TGZiY7C9yXilw59cV116,MANAGER,NOT_SPECIFIED
49,Esponjita,Grisedale,mgrisedale46037,t6F2F6RywIkWWgCsfvUMsP8wes3bu6W8NGINYBd48vrJl87E2Gcp5PUJY1OfhQQn3ZWfWw,DOCTOR,NOT_SPECIFIED
50,Tronquito,Aubray,kaubray14955,J3A4jj92aN2ongL9tYh7ubSTpJldxS4nJ279Uun96M2qF2Rg5fdiXY5yJ7H1739kq1Kt3a05h728ew8ADHh41ONm,MANAGER,NOT_SPECIFIED
51,Rayito,Wildman,mwildman35130,7lv4uY08j4W15BH47p7gn17m5n3qC0vXXsNOPI33t47Df6N9W40ms22SZ699gcJGBPdX6cKo104TC535PuY,PATIENT,NOT_SPECIFIED
52,Pajarito,Tyce,ztyce1250,2xID7D1eM4Vj209P6cIFzgf0UeNKny9GaPktrjx5271AY1n4b8Rq07999zTGI7fV1EtKe3na5KLdF3jpP7Khd5JXk,MANAGER,NOT_SPECIFIED
53,Pelusa,Bloxsom,dbloxsom33056,svv2aW77Rc774kU0F5dqT85dQnuo3SS2lPsXhCDTPVzDvFimf3s6U0T23c3m981pFX0G50C151c,MANAGER,NOT_SPECIFIED
54,Ranchito,Robinson,brobinson56297,2GIPn62r491V0tD8BdIgQA7QbYM44lIKfX0vf439246xs6P06LrL0Ho17819x6yd0QWy5Oukq3O38p57WIZU5y85d,MANAGER,NOT_SPECIFIED
55,Chiquitín,Hallums,ahallums1212,cgNJw6Ne2sm1q31ORz203KP6U7thZ672nwn89SlqcmK6rE8aZu35r9WBzX8O4N34cn,DOCTOR,NOT_SPECIFIED
56,Chiquitín,Danniell,jdanniell33859,9wgW1YmV24EO9r76ZAtE4c72vXsM6B31CmQ00R0O42JDh9Zl14P40z49X21zTnc7yU2s7HT9WkFIitEE21WCFV,PATIENT,NOT_SPECIFIED
57,Coquito,Roberto,mroberto4385,G4whU1d6e4ljT1ecjnz540xHEwaNwfrvD3Y44x812h6H6HtiUkPm78feYB75mf7Vp5DOUt6OsFvY1G49Bm9PQ6iaTn3V6k,DOCTOR,NOT_SPECIFIED
58,Nubesito,Prettyjohns,tprettyjohns63740,y4lIv11G3ywMsH28ZH5tzZ794RzC31RWkfv4W1tXAL8Bty26XW4cEE5177HsrG4Fq80Yg5xT0p,ADMIN,NOT_SPECIFIED
59,Chiquitín,Hanby,bhanby22097,JvC33bLx1sD1nVvrS56LRmbYsO5Y4LiWZ6e6M2M65K721d43ump17t1Y,ADMIN,NOT_SPECIFIED
60,Pajarito,Laskey,llaskey49409,0n5uYVZy6te1O1pp7myYa1My42105khb34E2oKfyBQ56sjr3577n4B87iXjmFkpqrT15POg3A18F0Px2X2,ADMIN,NOT_SPECIFIED
61,Pelusa,Morritt,emorritt28592,Vd18Y0E03tI2WYE5dX1nD01Oa6m6VGXGC654Vb4YFmlRmwaYKsW9ItiNI,PATIENT,NOT_SPECIFIED
62,Pajarito,Drees,zdrees25875,w850fhR222FfN45VHrRU4RG82k6K2Zmr68aQa7V0YM9cWs0A2C3aP5GUZX7U0q1Xl4NoZuHYRwm453SA8xdD,ADMIN,NOT_SPECIFIED
63,Esponjita,Woolmore,dwoolmore2205,h428mldX9FSFk1O0mbNipv85ewi93Av2nyNj0f4sVB0SvHmBae81Ig9J912G8BhStY46WaitOHpU0u8,ADMIN,NOT_SPECIFIED
64,Cuchi-cuchi,Gillani,mgillani58418,IU1PO1qwbMGs50btNpGijYY3scF5kRaMjps74kZY1f9y13j1aoS930oL9aFq,DOCTOR,NOT_SPECIFIED
65,Colibrí,Sanbroke,dsanbroke35902,b5h7lRS8HSWqyCD2AbVC11rWADrW9l31ON1v32T0SNwWrJtO8Td6ta0xiCysP7L2F72nnk0,PATIENT,NOT_SPECIFIED
66,Pepón,Klos,hklos44293,4RM25112dWN6FBysF2YJ9KH6Yse9KPbN8B3f8SZ1b9OAn2U8v2hHhow339n964o2nso,MANAGER,NOT_SPECIFIED
67,Rayito,Fass,afass7303,CYN16EB9t47n362eXKuBcJOJctE25m4G9OlHBGfVL1OmYno1hwyUEGx0TgGTGu2BoKjnIO5D03RFF,MANAGER,NOT_SPECIFIED
68,Manchita,Blaine,cblaine10378,bhJgsZEgU69k8X74R9XDBVDXYq4QMXgEGlei8KOfoX3VZ9KyzQ3m2YE59y2mC1Jdm2thY8Ca5F,MANAGER,NOT_SPECIFIED
69,Pajarito,Carradice,dcarradice35665,OQHiiCH2u807lydbTH63G0Vk4D5KRTe0n896b66udH7tnZ8WU8n3367455,ADMIN,NOT_SPECIFIED
70,Manchita,Wyleman,ewyleman50775,I4G35ZN6AR7AI02kWzS4Gx46YcNafJi3Zh247ySn6E1p5yv6XkJK6MdTtAKvj56fH3Quy4Mr6YX5X6AR1c2,DOCTOR,NOT_SPECIFIED
71,Chiquitín,Mearing,amearing32244,x3pHSn8d5tDGyK9AGzsRud5m3fNfm6OR1002K0Fx2E9327pbJUh0GCm7Q7O0lU3SD1196Me94y,DOCTOR,NOT_SPECIFIED
72,Tronquito,Jindacek,mjindacek57488,gD798FnZW8HVl4133O46KZ0MXLa8anE47Z7Tr7UT5fr19uJFfI5x911XHc4H,ADMIN,NOT_SPECIFIED
73,Coquito,Sandham,osandham39559,32JWKC6hjs03PfyosPQCbqHhqbYfol2VCHR3P3Y1G0HR0l3PtynQtsJ093M5P38cfcy9zofCoZ95NG5444Ip0e7jpD0OaDGj,DOCTOR,NOT_SPECIFIED
74,Coquito,Durrant,adurrant16000,MrVKOLzjSxV5zqZfZpJ5no3fwtPiH4p5z5C44Ie9GUf2cZw559Kz13Rzlo6O2Q35PvnPpMR4AKn,DOCTOR,NOT_SPECIFIED
75,Cielito,Gibbard,cgibbard6538,LY1M6mplwgL9Wr5I56Ps1gokMs1gYCQmaAhj083dO6AS9EaS3IKTlqWqF5,PATIENT,NOT_SPECIFIED
76,Ranchito,Milkins,tmilkins44123,Zthwvsj9vgL57092Io78iP1BbJ4K6yNC6cm11pqL99uokdX4SfmJpdc34XuSK96t56mq,MANAGER,NOT_SPECIFIED
77,Pastelito,Elsip,jelsip51414,D1c4kRJseEh10cM1K936iLu0sS2rHscRGO8NFm0jgFme2OBlXf2cN1GJWEw9a1Vf28U6,DOCTOR,NOT_SPECIFIED
78,Pelusa,Kaubisch,zkaubisch29768,V02eZ401N378Urk6239z59XZG2Uid071wL3UfX4B2ZjGqXWqPYHL7JDy1mCM1nXZL,PATIENT,NOT_SPECIFIED
79,Coquito,Edlin,aedlin46795,6gb899HB3lKjJUu6y7I3j5fhcCyD38Udm6s5JShF92kW16CPVuodrl7PTCK231VHLt8lA0,ADMIN,NOT_SPECIFIED
80,Ranchito,Aleksankin,laleksankin16925,1Ts2ZYOf5cxOQyHrA7f1MAeAeEi1X48Ts5VqSU2JIN05gUxVCge47roqsvCN3ZwMIk0S6K3aTd30,DOCTOR,NOT_SPECIFIED
81,Esponjita,Boynes,iboynes63047,Uy58a6RSwjWBBUdQYwLuo27u02knX3dOsS50z1l2AT4Ej03EskobFF9Le7B44Tq865GS2839jGAuV50fM1,MANAGER,NOT_SPECIFIED
82,Manchita,Trusdale,dtrusdale46714,anE7eG45NBvlnBvgf00KZNFcHTZS11XpszNvblk6eYSySrc3J9YkNjx8z3335PgTSNePhWsWR,DOCTOR,NOT_SPECIFIED
83,Manchita,Currm,mcurrm63290,87R2e0E985owhVy02fxgACkQB65arPrcMeYC3CBYY95sI0hK1EvZ9IfBHNA96J8,PATIENT,NOT_SPECIFIED
84,Cielito,Backson,cbackson22815,HOhK181Fq2WvUK2a3c2fv9SBQJ8F0CYyHpkFNO23R2iIG2EO174abLwc6508n6532UOPp2C5o1IcH7,MANAGER,NOT_SPECIFIED
85,Cielito,Lowles,mlowles30695,7044uQj9q87nRLuJuI2u78raE20V2vnxLN5Q2jU6veJv1Id2x1vk0GQKJwJQ335vlq5i24s17E71I1k0M5KROE51pa,DOCTOR,NOT_SPECIFIED
86,Cuchi-cuchi,Placide,tplacide17688,58wxjhX6L054Gstf6sr3Jf3KF0kL080wiKHdUu1Cd4178e9iKhCOzP1eRL6oMLzPbDTotCKh9D04xH7,ADMIN,NOT_SPECIFIED
87,Chiquitín,Brittan,bbrittan3875,5lMyE2y4lUO86wMZKBTyDpAS28d79SePo539x6e6VZb31uYhv8tHhnOWakxQzv0xW4k3665ED40UyK9H7NOo8Q8R234z,ADMIN,NOT_SPECIFIED
88,Pepón,Fuidge,mfuidge63330,4W43kXIC0R8Beq1M0N8tg623pQ9q1wQx8W7Gm60kVkO5AS7C26neK9YtkqQ4AiygV63CcO80277K0c8EAQ,PATIENT,NOT_SPECIFIED
89,Cuchi-cuchi,Baxendale,sbaxendale45354,1ez5XE3QuQoaNfcusnoDUN04R2TjpMRTM9DF0MfoN6Sj43GoM298W227Zu5F,MANAGER,NOT_SPECIFIED
90,Pelusa,Feaveryear,ffeaveryear47862,U1b1832Xz394CdhGQZs64dGeJqo75Yx1Nk87a5cIw9Xym0XD485FqQY25i,PATIENT,NOT_SPECIFIED
91,Chiquitín,Witard,fwitard65019,r69PGG5tRGe1S23ecPVxu4Jg218YX7ZLM4r6v0M03YcT97U8y644r7nJ0Cj1X0393VxzjuaZTI2xH60oFk,ADMIN,NOT_SPECIFIED
92,Rayito,Ivkovic,jivkovic25547,wsg49t6YQRA0v458RZLg3L2p6ezc91I2Ap7w9O1S5LW179F1833hlwYouU2z59yRNNw4btgvC0,ADMIN,NOT_SPECIFIED
93,Esponjita,Szabo,bszabo38907,SCr69hH6VCgkqltH42n5ODQ38Z4t1w3ZP941m978xsQSjy3Rz2hXnpM99hj592OG7lC9egk5O3hHTB0SzgiC,PATIENT,NOT_SPECIFIED
94,Lunarcito,Farlam,bfarlam662,9kSsDJ9sr19X5y0bYh0ugmdXtm2CD511Ge10Of7D0TLrd2Z71Q563404H47MRgi6awIxKdGSxWhl92U6P0X3kRiwNJI67,MANAGER,NOT_SPECIFIED
95,Nubesito,Farrington,afarrington50569,QxVnMLZCvG85rYd639P0EN0PXe976iF2P2C2pXQPh1Q7G0T6369H8z0ZXaiVd191W9,MANAGER,NOT_SPECIFIED
96,Coquito,Hazart,ghazart14520,m6xw597yzzD29B9H784tgwW1i0M868bCS6slw2gd5pGwI5z222DuN2aboCB11998kNO8F84PRsye3,ADMIN,NOT_SPECIFIED
97,Lunarcito,Dunton,mdunton23382,e7Hkmv17F8yQST55EU1tDOQyH7m4D07zbMOS05NWTjGBiPbwvbn2wYUJei19HiNc9VWOF6e8LDkOLUy2R8Yr91VtY7ZJ4,ADMIN,NOT_SPECIFIED
98,Pelusa,Seal,sseal58748,36H6Yw1tMg8w746LV75F4kq4a82iMWL7Pug686Hoq1TEa0O5I2JeQ9knV1Ez6A14BRNC2O6wkD56RMFjNvbgwm,PATIENT,NOT_SPECIFIED
99,Nubesito,Antonoczyk,cantonoczyk28008,MU14SB739247v9cRbnY6QD8AMip74v6IJneBB0fK92uZcA9818J15ADDq322b7JkNH,ADMIN,NOT_SPECIFIED
100,Pastelito,Raithmill,craithmill64782,l6vP9j2i5c7pNo79vWKalq2Ek1v2o4gSzt0GJPJQI0h1yza0O38ta6lE1qJBXvq6R990wpMTj5l4Me7ze16ux6,ADMIN,NOT_SPECIFIED
